"","n4","Freq"
"1","a",1
"2","ab",36
"3","abl",12
"4","abli",9
"5","abo",2
"6","abs",2
"7","ac",3
"8","acc",3
"9","ace",6
"10","ach",4
"11","achm",1
"12","aci",8
"13","aco",7
"14","act",2
"15","acte",2
"16","acti",5
"17","ad",10
"18","adbe",4
"19","ade",2
"20","ader",1
"21","adm",2
"22","af",10
"23","afe",4
"24","aft",2
"25","ag",18
"26","aga",8
"27","age",4
"28","agis",1
"29","agre",3
"30","agu",2
"31","ah",1
"32","ai",11
"33","aid",3
"34","ail",2
"35","ain",3
"36","aine",4
"37","ains",11
"38","ainst",8
"39","aint",1
"40","aj",1
"41","ak",11
"42","ake",5
"43","al",10
"44","ala",7
"45","alan",3
"46","alar",2
"47","ald",2
"48","ale",3
"49","alf",2
"50","ali",7
"51","alin",1
"52","alit",3
"53","all",10
"54","alle",2
"55","alo",5
"56","alon",1
"57","als",6
"58","alt",3
"59","am",14
"60","ama",1
"61","amb",1
"62","ame",5
"63","ament",3
"64","amer",2
"65","ami",2
"66","amo",3
"67","amp",1
"68","an",4
"69","ana",4
"70","anc",9
"71","ance",16
"72","anci",2
"73","and",47
"74","ande",7
"75","andi",10
"76","ane",7
"77","ang",7
"78","ani",8
"79","ann",2
"80","ano",6
"81","anot",3
"82","ans",7
"83","ant",4
"84","anta",5
"85","anti",2
"86","anu",1
"87","ap",10
"88","ape",3
"89","apower",2
"90","app",2
"91","apre",2
"92","ar",1
"93","ara",5
"94","arac",1
"95","aract",1
"96","arc",5
"97","ard",4
"98","are",22
"99","area",1
"100","arei",2
"101","aren",4
"102","ares",3
"103","aret",1
"104","arg",3
"105","ari",4
"106","arie",1
"107","arm",18
"108","arn",2
"109","aro",1
"110","arr",3
"111","ars",4
"112","art",6
"113","arti",2
"114","arto",7
"115","ary",2
"116","as",11
"117","asa",3
"118","asb",3
"119","asbe",3
"120","ase",3
"121","asi",12
"122","asing",2
"123","asit",1
"124","asl",1
"125","aso",2
"126","ass",5
"127","assi",2
"128","assu",1
"129","ast",16
"130","astate",3
"131","asth",6
"132","asu",4
"133","asur",1
"134","at",6
"135","ata",7
"136","atb",2
"137","ate",3
"138","ated",13
"139","aten",1
"140","ater",3
"141","ath",2
"142","atho",1
"143","ati",15
"144","atin",1
"145","ation",22
"146","ationa",3
"147","atis",2
"148","ative",1
"149","ato",3
"150","ator",1
"151","ats",3
"152","att",11
"153","atte",2
"154","atth",12
"155","atu",9
"156","au",3
"157","aus",5
"158","ause",4
"159","aut",2
"160","auth",2
"161","av",5
"162","ave",2
"163","aven",1
"164","aver",2
"165","aves",2
"166","avi",3
"167","avo",4
"168","aw",3
"169","ax",1
"170","axqwtm",1
"171","ay",3
"172","ayb",5
"173","aye",2
"174","ays",4
"175","b",6
"176","ba",5
"177","babl",2
"178","bar",1
"179","be",8
"180","bea",9
"181","bear",1
"182","beas",2
"183","bec",3
"184","becom",3
"185","bed",6
"186","bede",2
"187","bee",10
"188","bef",3
"189","bei",5
"190","bein",4
"191","bel",2
"192","bem",3
"193","bema",2
"194","ben",4
"195","bene",3
"196","ber",3
"197","bera",1
"198","bere",4
"199","bero",1
"200","bert",9
"201","bes",1
"202","bet",9
"203","beun",1
"204","bi",12
"205","bil",4
"206","bin",1
"207","bit",7
"208","biti",1
"209","bj",6
"210","bjecti",2
"211","bl",5
"212","ble",20
"213","blec",1
"214","blet",10
"215","bm",2
"216","bmgjbr",2
"217","bo",10
"218","bod",3
"219","bor",7
"220","br",12
"221","bra",2
"222","brea",2
"223","bri",5
"224","brit",2
"225","bro",3
"226","bse",1
"227","bso",2
"228","bsol",1
"229","bst",2
"230","bsta",1
"231","bt",1
"232","bta",1
"233","bu",16
"234","but",16
"235","buti",6
"236","by",21
"237","bya",2
"238","byan",1
"239","byt",9
"240","byth",9
"241","byw",4
"242","ca",7
"243","cac",1
"244","cal",5
"245","can",2
"246","cang",3
"247","cann",2
"248","cas",3
"249","case",3
"250","casi",2
"251","cat",4
"252","cau",3
"253","cca",2
"254","ccas",2
"255","cce",2
"256","ccess",1
"257","cco",2
"258","ccu",2
"259","ccur",1
"260","ce",2
"261","cea",5
"262","ceand",3
"263","ced",2
"264","cee",3
"265","cef",1
"266","cei",5
"267","cele",1
"268","cent",2
"269","ceo",11
"270","cer",1
"271","cert",2
"272","ces",2
"273","cess",7
"274","cessa",3
"275","cessi",5
"276","cet",6
"277","ch",6
"278","cha",3
"279","char",1
"280","chas",2
"281","che",6
"282","chec",2
"283","ches",1
"284","chi",4
"285","chis",4
"286","chm",3
"287","cho",2
"288","cht",8
"289","ci",10
"290","cia",3
"291","cie",12
"292","cien",7
"293","cil",1
"294","cio",3
"295","cip",10
"296","cir",3
"297","circ",3
"298","cis",2
"299","cise",1
"300","cit",6
"301","citi",3
"302","cl",1
"303","cle",1
"304","clu",2
"305","co",28
"306","col",1
"307","com",11
"308","con",31
"309","conc",4
"310","cons",12
"311","consi",7
"312","const",6
"313","cont",16
"314","cop",2
"315","cor",3
"316","cou",15
"317","coun",8
"318","cour",5
"319","cover",1
"320","cr",3
"321","cre",2
"322","cri",1
"323","cro",1
"324","cta",1
"325","cte",1
"326","cted",4
"327","cter",1
"328","cti",7
"329","ctic",3
"330","ctive",3
"331","cto",4
"332","ctor",4
"333","cts",3
"334","ctto",3
"335","ctu",3
"336","cum",2
"337","cur",2
"338","curi",2
"339","cus",1
"340","cut",3
"341","cuti",3
"342","cy",6
"343","d",5
"344","da",17
"345","dac",1
"346","dan",12
"347","dange",6
"348","dar",5
"349","das",3
"350","dat",7
"351","db",8
"352","dbe",13
"353","dc",8
"354","dco",5
"355","dd",12
"356","dde",8
"357","ddi",4
"358","dea",5
"359","dec",3
"360","deci",1
"361","ded",7
"362","dee",2
"363","def",10
"364","defe",8
"365","deg",3
"366","degre",2
"367","del",3
"368","deleg",1
"369","dem",3
"370","den",13
"371","dent",4
"372","dep",2
"373","depar",1
"374","depart",1
"375","dere",2
"376","deri",3
"377","dern",2
"378","dert",1
"379","derthe",1
"380","des",16
"381","dest",5
"382","det",3
"383","df",10
"384","dfor",2
"385","dfr",3
"386","dg",3
"387","dge",2
"388","dh",7
"389","dha",6
"390","dho",1
"391","di",4
"392","dic",2
"393","did",1
"394","dif",10
"395","din",5
"396","dina",5
"397","ding",8
"398","dint",4
"399","dir",3
"400","dire",3
"401","dis",25
"402","disco",1
"403","dist",8
"404","distr",4
"405","dit",9
"406","diti",6
"407","div",4
"408","divi",4
"409","dj",1
"410","dl",2
"411","dm",4
"412","dmi",1
"413","dn",5
"414","dne",1
"415","dno",4
"416","dnot",2
"417","do",14
"418","dof",7
"419","dom",6
"420","don",3
"421","dou",3
"422","dp",15
"423","dr",8
"424","dra",4
"425","dre",4
"426","ds",17
"427","dsa",1
"428","dse",1
"429","dsi",2
"430","dst",5
"431","dsta",1
"432","dt",44
"433","dth",21
"434","dtha",2
"435","dthe",18
"436","dto",18
"437","dtof",1
"438","du",3
"439","dual",3
"440","duc",8
"441","due",1
"442","dul",1
"443","dur",1
"444","dv",6
"445","dva",3
"446","dver",1
"447","dw",15
"448","dwe",2
"449","dwi",5
"450","dwith",5
"451","dy",4
"452","e",1
"453","ea",9
"454","eac",5
"455","each",3
"456","ead",2
"457","eal",5
"458","eall",1
"459","ealo",3
"460","ean",12
"461","eand",4
"462","eap",3
"463","ear",7
"464","eart",5
"465","eas",4
"466","eat",3
"467","eate",3
"468","eati",1
"469","eau",1
"470","eb",13
"471","ebe",4
"472","ebee",9
"473","ec",5
"474","eca",2
"475","ece",2
"476","eced",2
"477","eces",7
"478","eci",5
"479","eco",27
"480","ecom",2
"481","econ",9
"482","econs",3
"483","ect",4
"484","ecte",3
"485","ecti",10
"486","ecul",2
"487","ed",8
"488","eda",16
"489","edan",4
"490","edb",9
"491","ede",3
"492","eder",7
"493","edi",15
"494","edin",11
"495","eding",1
"496","edo",9
"497","eds",2
"498","edu",2
"499","ee",2
"500","eec",4
"501","eed",1
"502","eef",3
"503","eem",2
"504","een",24
"505","eenc",3
"506","eene",3
"507","eens",5
"508","eent",5
"509","eep",1
"510","ees",2
"511","eest",2
"512","eesta",1
"513","eet",3
"514","ef",2
"515","efa",2
"516","eff",8
"517","effe",4
"518","effic",1
"519","efor",3
"520","efore",5
"521","eform",3
"522","eg",6
"523","ega",1
"524","ege",1
"525","egi",7
"526","egis",5
"527","ego",3
"528","egre",2
"529","egu",5
"530","eh",14
"531","eha",7
"532","ehan",1
"533","ehe",6
"534","ehen",2
"535","ehi",2
"536","ei",7
"537","eif",1
"538","eig",5
"539","eim",4
"540","ein",15
"541","eing",3
"542","einst",3
"543","eint",5
"544","einthe",3
"545","eir",22
"546","eire",2
"547","eirs",5
"548","eis",5
"549","eit",5
"550","eith",7
"551","eiti",1
"552","eive",2
"553","ej",4
"554","el",5
"555","ela",4
"556","elat",1
"557","ele",3
"558","eleg",4
"559","eli",8
"560","ell",4
"561","elo",2
"562","eltkv",1
"563","ely",3
"564","em",1
"565","ema",4
"566","eman",3
"567","emb",1
"568","eme",3
"569","emed",1
"570","emi",7
"571","emin",1
"572","emo",4
"573","emp",4
"574","empl",1
"575","en",14
"576","ena",8
"577","enat",5
"578","enc",16
"579","ence",15
"580","enci",2
"581","end",13
"582","enda",2
"583","ende",5
"584","ender",3
"585","endin",1
"586","ene",4
"587","enew",2
"588","enf",3
"589","ength",7
"590","eni",4
"591","enl",1
"592","enm",3
"593","eno",15
"594","ens",8
"595","ense",5
"596","ensi",10
"597","ensu",2
"598","ent",16
"599","enta",7
"600","enter",2
"601","enthe",9
"602","enti",2
"603","entin",3
"604","ento",7
"605","entr",2
"606","enu",3
"607","eo",20
"608","eob",1
"609","eof",28
"610","eofa",2
"611","eol",1
"612","eon",1
"613","eop",1
"614","eoper",2
"615","eor",3
"616","eot",3
"617","eothe",3
"618","eother",3
"619","eou",2
"620","eover",2
"621","ep",8
"622","epa",8
"623","epar",3
"624","epl",3
"625","epo",8
"626","epower",2
"627","epr",15
"628","epre",6
"629","epres",3
"630","epu",9
"631","equ",3
"632","equa",4
"633","er",11
"634","era",5
"635","erac",7
"636","eral",1
"637","eran",3
"638","erat",6
"639","erc",5
"640","erce",1
"641","ere",3
"642","erea",2
"643","erei",1
"644","eren",1
"645","erf",6
"646","eri",6
"647","eric",2
"648","erie",1
"649","erin",5
"650","erit",2
"651","erm",6
"652","ern",2
"653","ero",8
"654","erof",6
"655","erou",4
"656","erre",4
"657","ers",11
"658","erso",4
"659","erst",5
"660","ert",4
"661","erta",2
"662","erthe",4
"663","erti",1
"664","eru",1
"665","ery",9
"666","es",14
"667","esa",8
"668","esbe",4
"669","ese",5
"670","esen",2
"671","esent",3
"672","esh",10
"673","esi",9
"674","eside",1
"675","esin",5
"676","esit",3
"677","eso",13
"678","esof",21
"679","esp",4
"680","espo",3
"681","ess",4
"682","essi",4
"683","est",20
"684","esta",5
"685","estate",5
"686","esti",2
"687","estra",1
"688","esu",5
"689","et",16
"690","eta",6
"691","ete",2
"692","eth",37
"693","ethe",24
"694","ether",2
"695","etho",2
"696","eti",7
"697","eto",15
"698","etof",1
"699","etra",4
"700","ett",1
"701","etu",3
"702","etw",4
"703","etwe",4
"704","eu",8
"705","eun",5
"706","euni",3
"707","eur",6
"708","eus",4
"709","ev",27
"710","eva",4
"711","eve",15
"712","even",5
"713","event",3
"714","ever",7
"715","ew",12
"716","ewe",1
"717","ewh",4
"718","ewho",1
"719","ewo",5
"720","ex",23
"721","exi",4
"722","ey",25
"723","eya",6
"724","eyw",8
"725","f",2
"726","fa",4
"727","fac",4
"728","fact",3
"729","facti",2
"730","fai",1
"731","fal",5
"732","fall",5
"733","fan",6
"734","fas",3
"735","fat",1
"736","fav",2
"737","fc",4
"738","fci",1
"739","fcon",2
"740","fd",9
"741","fde",4
"742","fdi",3
"743","fe",1
"744","fea",4
"745","fec",8
"746","fect",8
"747","fed",7
"748","fede",7
"749","fee",2
"750","fel",2
"751","fen",8
"752","fens",7
"753","fer",4
"754","fere",5
"755","feren",5
"756","fet",3
"757","feu",5
"758","few",1
"759","ff",1
"760","ffa",1
"761","ffer",4
"762","ffi",9
"763","ffort",6
"764","ffr",2
"765","fg",10
"766","fh",3
"767","fi",6
"768","fic",2
"769","fica",4
"770","fice",1
"771","fici",4
"772","ficul",4
"773","fie",1
"774","fin",3
"775","find",2
"776","fir",7
"777","firs",4
"778","fit",3
"779","fits",2
"780","fl",5
"781","fle",4
"782","fm",7
"783","fn",7
"784","fna",4
"785","fne",1
"786","fno",2
"787","fo",43
"788","fol",1
"789","fon",3
"790","for",27
"791","fore",3
"792","forit",1
"793","form",4
"794","fort",4
"795","fou",3
"796","foun",3
"797","fp",9
"798","fpo",5
"799","fr",15
"800","fre",4
"801","free",2
"802","frequ",3
"803","fri",4
"804","fro",16
"805","fs",9
"806","fse",1
"807","fso",4
"808","ft",3
"809","fte",7
"810","fter",3
"811","fth",63
"812","fthat",2
"813","fthep",9
"814","fthes",6
"815","ftho",4
"816","fti",1
"817","fu",9
"818","ful",5
"819","fun",1
"820","fur",1
"821","fut",2
"822","g",5
"823","ga",1
"824","gai",10
"825","gain",10
"826","gan",1
"827","gand",1
"828","gar",6
"829","gat",2
"830","gate",1
"831","gc",1
"832","ge",5
"833","gem",1
"834","geme",1
"835","gen",3
"836","genc",2
"837","gene",1
"838","geo",2
"839","ger",8
"840","ges",7
"841","gf",1
"842","gg",1
"843","ghi",1
"844","gi",4
"845","gin",2
"846","gist",1
"847","git",3
"848","give",5
"849","gl",8
"850","gle",3
"851","gn",2
"852","gni",2
"853","go",9
"854","goo",2
"855","gov",10
"856","gove",10
"857","gover",10
"858","gr",26
"859","gra",4
"860","gre",13
"861","grea",10
"862","gree",4
"863","gres",5
"864","gress",5
"865","gs",6
"866","gt",16
"867","gthe",5
"868","gto",2
"869","gu",2
"870","gua",1
"871","gul",4
"872","h",3
"873","ha",2
"874","hab",4
"875","had",4
"876","han",2
"877","hand",2
"878","hant",1
"879","hap",4
"880","happ",3
"881","hara",1
"882","has",8
"883","hat",2
"884","hate",3
"885","hati",2
"886","hatt",6
"887","hav",32
"888","have",31
"889","hb",6
"890","hc",4
"891","hd",1
"892","hea",19
"893","heac",1
"894","head",2
"895","hean",3
"896","hear",7
"897","heas",1
"898","heat",1
"899","heb",3
"900","hec",22
"901","hecon",13
"902","hecons",2
"903","hed",3
"904","hede",2
"905","hedi",8
"906","hee",13
"907","heen",4
"908","hef",10
"909","hefe",1
"910","hefi",3
"911","hefor",2
"912","heg",5
"913","hei",35
"914","hein",10
"915","heint",2
"916","hel",11
"917","hele",4
"918","hem",31
"919","hema",6
"920","heme",2
"921","hemo",7
"922","hems",3
"923","hene",2
"924","hent",1
"925","heo",9
"926","heof",1
"927","heop",2
"928","hepart",1
"929","hepe",12
"930","her",4
"931","hera",1
"932","here",2
"933","heri",2
"934","hern",1
"935","hers",2
"936","hert",2
"937","herthe",1
"938","hesa",5
"939","hese",6
"940","heso",4
"941","hest",4
"942","hesta",3
"943","hesu",1
"944","het",5
"945","heth",1
"946","hethe",1
"947","heu",4
"948","hev",5
"949","hew",7
"950","hewh",2
"951","hewho",2
"952","hf",3
"953","hg",1
"954","hh",9
"955","hha",9
"956","hi",2
"957","hib",2
"958","hic",34
"959","hie",1
"960","high",1
"961","hil",1
"962","him",1
"963","hin",2
"964","hing",2
"965","hip",1
"966","his",4
"967","hisi",2
"968","hist",4
"969","hit",1
"970","hm",1
"971","hme",10
"972","hment",9
"973","hn",1
"974","hno",1
"975","ho",4
"976","hof",1
"977","hofthe",1
"978","hol",5
"979","holl",1
"980","hon",1
"981","hor",3
"982","hori",2
"983","hort",2
"984","hos",10
"985","hose",8
"986","hothe",2
"987","hother",2
"988","hough",3
"989","hould",6
"990","how",2
"991","howe",2
"992","hr",4
"993","hre",3
"994","hro",1
"995","hs",5
"996","hso",2
"997","hst",1
"998","ht",1
"999","hte",1
"1000","hth",20
"1001","htha",3
"1002","hthe",9
"1003","hts",4
"1004","htt",3
"1005","htto",1
"1006","hu",5
"1007","hum",1
"1008","hund",1
"1009","ia",1
"1010","ial",5
"1011","ian",3
"1012","iar",1
"1013","iat",1
"1014","ib",3
"1015","ibe",10
"1016","iber",10
"1017","ibl",7
"1018","ic",3
"1019","ica",2
"1020","ican",3
"1021","ice",1
"1022","ices",6
"1023","ichi",5
"1024","ichm",1
"1025","ici",3
"1026","icie",2
"1027","ico",2
"1028","ict",4
"1029","icu",6
"1030","icul",1
"1031","id",9
"1032","ida",4
"1033","ide",6
"1034","ider",6
"1035","idera",3
"1036","idu",2
"1037","ie",20
"1038","ied",6
"1039","ief",1
"1040","ien",2
"1041","iend",3
"1042","ient",6
"1043","ies",31
"1044","iesa",3
"1045","ieso",9
"1046","iest",2
"1047","iet",1
"1048","iew",3
"1049","if",6
"1050","ife",1
"1051","iff",8
"1052","iffe",4
"1053","iffic",4
"1054","ifi",8
"1055","ific",6
"1056","ifice",3
"1057","ifthe",3
"1058","ig",7
"1059","iga",1
"1060","igh",13
"1061","ight",1
"1062","igi",1
"1063","ign",3
"1064","igu",2
"1065","ik",5
"1066","ike",5
"1067","il",5
"1068","ila",6
"1069","ile",2
"1070","ili",20
"1071","ilit",7
"1072","iliti",1
"1073","ill",15
"1074","im",6
"1075","ima",1
"1076","ime",10
"1077","imp",14
"1078","in",4
"1079","ina",21
"1080","inal",8
"1081","inan",4
"1082","inat",4
"1083","inc",8
"1084","inci",6
"1085","ind",5
"1086","inde",1
"1087","indi",2
"1088","ine",12
"1089","inf",9
"1090","infe",4
"1091","ing",19
"1092","inge",1
"1093","ini",1
"1094","inion",1
"1095","init",1
"1096","inm",2
"1097","inno",1
"1098","ino",3
"1099","ins",16
"1100","inse",2
"1101","inso",2
"1102","inst",5
"1103","int",26
"1104","inta",1
"1105","inte",6
"1106","inth",21
"1107","inthe",13
"1108","into",8
"1109","inu",5
"1110","inv",5
"1111","io",6
"1112","iod",2
"1113","iol",1
"1114","iole",1
"1115","iona",3
"1116","ionc",1
"1117","ione",5
"1118","ionf",1
"1119","iono",20
"1120","ions",29
"1121","ionsi",1
"1122","ionst",4
"1123","iont",15
"1124","ionthe",7
"1125","ior",7
"1126","iou",9
"1127","ip",1
"1128","ipa",3
"1129","ipl",9
"1130","iple",3
"1131","ir",2
"1132","irc",2
"1133","ire",2
"1134","irec",3
"1135","ires",1
"1136","irg",1
"1137","iri",3
"1138","irit",2
"1139","iro",2
"1140","irs",1
"1141","irst",4
"1142","is",2
"1143","isa",8
"1144","isan",2
"1145","isco",3
"1146","ise",3
"1147","ish",13
"1148","isi",3
"1149","isit",2
"1150","isl",8
"1151","ism",5
"1152","iso",5
"1153","isp",9
"1154","ispe",1
"1155","iss",5
"1156","ist",1
"1157","ista",4
"1158","iste",4
"1159","isthe",3
"1160","isti",2
"1161","istin",2
"1162","isto",4
"1163","istr",1
"1164","isu",2
"1165","it",6
"1166","ita",8
"1167","ite",4
"1168","ited",2
"1169","ith",2
"1170","itha",5
"1171","ithe",7
"1172","ither",7
"1173","ithi",3
"1174","ithin",3
"1175","itho",1
"1176","ithou",1
"1177","iti",5
"1178","itia",1
"1179","itic",3
"1180","ition",12
"1181","itis",6
"1182","itm",2
"1183","ito",3
"1184","itof",1
"1185","its",13
"1186","itsa",4
"1187","itso",4
"1188","itt",3
"1189","itu",1
"1190","itw",3
"1191","iu",1
"1192","ium",1
"1193","iuoekb",2
"1194","iv",19
"1195","ive",8
"1196","iveb",1
"1197","ived",4
"1198","ivi",6
"1199","ivid",4
"1200","ix",1
"1201","ixt",1
"1202","j",8
"1203","je",10
"1204","jea",3
"1205","jeal",3
"1206","jec",7
"1207","ject",7
"1208","jecti",1
"1209","jo",2
"1210","ju",7
"1211","jud",2
"1212","jus",5
"1213","just",5
"1214","k",15
"1215","ke",7
"1216","kee",1
"1217","kel",3
"1218","kely",3
"1219","ken",5
"1220","ki",4
"1221","kin",4
"1222","kind",1
"1223","king",3
"1224","kn",2
"1225","kno",2
"1226","ko",2
"1227","l",6
"1228","la",2
"1229","lac",2
"1230","lan",4
"1231","land",6
"1232","lar",5
"1233","las",1
"1234","last",1
"1235","lat",2
"1236","late",2
"1237","lati",1
"1238","lative",3
"1239","latt",1
"1240","latte",1
"1241","law",1
"1242","lay",1
"1243","lb",6
"1244","lbe",6
"1245","lbee",1
"1246","lc",10
"1247","lca",2
"1248","lch",1
"1249","ld",2
"1250","ldb",13
"1251","lde",3
"1252","ldi",10
"1253","le",3
"1254","lea",11
"1255","lear",2
"1256","leas",3
"1257","lec",2
"1258","lect",2
"1259","led",5
"1260","lee",1
"1261","lef",1
"1262","leg",1
"1263","lei",2
"1264","lem",3
"1265","len",6
"1266","leo",4
"1267","leof",3
"1268","les",8
"1269","lesof",1
"1270","less",4
"1271","let",3
"1272","lew",1
"1273","lf",3
"1274","lfi",1
"1275","lg",1
"1276","li",8
"1277","lia",5
"1278","lib",11
"1279","lic",3
"1280","lica",3
"1281","lici",3
"1282","lid",3
"1283","lie",2
"1284","lif",1
"1285","lig",6
"1286","light",1
"1287","lin",9
"1288","lis",9
"1289","lit",5
"1290","lita",13
"1291","liti",4
"1292","litt",4
"1293","lla",1
"1294","lld",1
"1295","lle",2
"1296","lli",10
"1297","llit",2
"1298","llo",2
"1299","llt",4
"1300","lly",10
"1301","lm",8
"1302","ln",5
"1303","lne",3
"1304","lno",1
"1305","lnot",1
"1306","lo",16
"1307","lof",1
"1308","lon",6
"1309","long",6
"1310","loni",1
"1311","loo",3
"1312","lou",6
"1313","lous",5
"1314","love",2
"1315","lp",7
"1316","lpo",2
"1317","lr",2
"1318","lre",1
"1319","lri",1
"1320","ls",5
"1321","lso",4
"1322","lst",8
"1323","lsta",4
"1324","lt",1
"1325","lte",1
"1326","lti",1
"1327","lto",2
"1328","lu",5
"1329","lud",1
"1330","lus",3
"1331","lust",1
"1332","lut",4
"1333","lute",1
"1334","lve",5
"1335","ly",17
"1336","lya",7
"1337","lyand",1
"1338","lye",1
"1339","lyt",6
"1340","m",1
"1341","ma",8
"1342","mad",4
"1343","made",3
"1344","mag",3
"1345","main",4
"1346","make",5
"1347","mal",7
"1348","mall",5
"1349","man",5
"1350","mana",1
"1351","mand",3
"1352","mar",3
"1353","mas",5
"1354","may",9
"1355","mbe",1
"1356","me",5
"1357","mea",8
"1358","mean",5
"1359","meas",1
"1360","med",4
"1361","medi",1
"1362","mee",2
"1363","men",24
"1364","ment",9
"1365","menta",3
"1366","menti",2
"1367","mera",1
"1368","merc",2
"1369","meri",2
"1370","mero",3
"1371","mesti",2
"1372","met",3
"1373","mf",1
"1374","mh",2
"1375","mha",2
"1376","mi",10
"1377","mig",1
"1378","might",1
"1379","mil",17
"1380","milit",13
"1381","min",1
"1382","mine",1
"1383","mit",7
"1384","miti",2
"1385","mitt",4
"1386","mm",5
"1387","mmer",1
"1388","mmo",2
"1389","mmon",1
"1390","mmu",1
"1391","mn",1
"1392","mo",20
"1393","mod",4
"1394","mof",4
"1395","mom",2
"1396","mome",2
"1397","mon",3
"1398","mona",1
"1399","mor",13
"1400","more",11
"1401","morei",1
"1402","mos",8
"1403","mot",4
"1404","mp",1
"1405","mpa",6
"1406","mpar",1
"1407","mpe",8
"1408","mper",3
"1409","mpl",1
"1410","mpla",1
"1411","mple",1
"1412","mpo",4
"1413","mport",3
"1414","mpre",1
"1415","ms",4
"1416","mse",3
"1417","msel",3
"1418","mst",5
"1419","msta",2
"1420","mt",12
"1421","mu",10
"1422","muc",4
"1423","much",4
"1424","mul",1
"1425","muni",2
"1426","mus",5
"1427","must",4
"1428","mut",1
"1429","my",8
"1430","na",8
"1431","nac",4
"1432","nal",11
"1433","nall",5
"1434","nan",2
"1435","nar",4
"1436","nat",13
"1437","nate",1
"1438","nati",14
"1439","nation",14
"1440","nav",1
"1441","nb",5
"1442","nca",2
"1443","ncer",1
"1444","nces",14
"1445","nci",1
"1446","ncl",3
"1447","ncr",3
"1448","nct",2
"1449","ncu",1
"1450","ncur",1
"1451","nda",8
"1452","nder",8
"1453","ndera",1
"1454","ndi",6
"1455","ndin",7
"1456","ndm",4
"1457","ndu",5
"1458","ne",1
"1459","nec",7
"1460","nece",7
"1461","ned",14
"1462","nef",2
"1463","nefi",1
"1464","nei",9
"1465","neit",4
"1466","nem",3
"1467","ner",1
"1468","nera",1
"1469","neral",1
"1470","nes",4
"1471","ness",1
"1472","never",2
"1473","new",2
"1474","nf",3
"1475","nfa",3
"1476","nfe",8
"1477","ng",8
"1478","nga",8
"1479","nge",1
"1480","ngi",6
"1481","ngin",2
"1482","ngo",8
"1483","ngth",5
"1484","nh",7
"1485","nha",7
"1486","ni",2
"1487","nic",1
"1488","nif",3
"1489","nin",11
"1490","nion",5
"1491","nis",4
"1492","nit",1
"1493","nite",3
"1494","nited",3
"1495","niti",1
"1496","nk",1
"1497","nli",1
"1498","nly",5
"1499","nme",11
"1500","nmen",11
"1501","nment",1
"1502","nn",4
"1503","nna",2
"1504","nne",2
"1505","nnec",2
"1506","nno",3
"1507","nnot",2
"1508","nob",1
"1509","nofthe",5
"1510","nom",2
"1511","non",1
"1512","none",1
"1513","nor",9
"1514","not",11
"1515","nothe",3
"1516","nou",3
"1517","nov",2
"1518","nove",2
"1519","nover",2
"1520","now",5
"1521","np",4
"1522","nr",3
"1523","nre",2
"1524","ns",2
"1525","nsa",5
"1526","nsi",4
"1527","nside",6
"1528","nsin",2
"1529","nso",13
"1530","nst",3
"1531","nsta",8
"1532","nsti",8
"1533","nstr",1
"1534","nsu",5
"1535","nt",5
"1536","ntan",5
"1537","ntat",2
"1538","nte",2
"1539","nter",5
"1540","nth",31
"1541","nthe",2
"1542","nther",2
"1543","nthi",2
"1544","nthis",2
"1545","nti",2
"1546","ntion",3
"1547","ntit",1
"1548","ntl",4
"1549","nto",5
"1550","nton",1
"1551","ntr",2
"1552","ntra",3
"1553","ntro",2
"1554","nts",23
"1555","ntt",7
"1556","nu",4
"1557","nue",2
"1558","num",6
"1559","nume",5
"1560","nv",1
"1561","nva",5
"1562","nvi",1
"1563","nw",8
"1564","ny",4
"1565","oa",8
"1566","oac",5
"1567","oan",2
"1568","oar",1
"1569","ob",7
"1570","oba",5
"1571","obe",13
"1572","ober",1
"1573","obli",3
"1574","obs",2
"1575","oc",2
"1576","oca",1
"1577","occ",3
"1578","ocfgby",4
"1579","oci",3
"1580","ocie",1
"1581","od",4
"1582","ode",6
"1583","oder",2
"1584","odi",1
"1585","odo",1
"1586","odu",6
"1587","oe",4
"1588","of",23
"1589","ofa",12
"1590","ofe",8
"1591","off",11
"1592","offe",2
"1593","offic",1
"1594","ofi",7
"1595","ofin",4
"1596","ofl",5
"1597","ofo",5
"1598","ofr",11
"1599","ofre",9
"1600","oft",68
"1601","ofthe",23
"1602","og",1
"1603","oga",1
"1604","oge",2
"1605","ogi",1
"1606","oh",2
"1607","oha",1
"1608","ohi",1
"1609","oi",5
"1610","oid",1
"1611","oin",3
"1612","oint",1
"1613","ointe",1
"1614","oit",3
"1615","ol",9
"1616","ola",2
"1617","old",10
"1618","ole",3
"1619","oli",6
"1620","olic",1
"1621","olit",3
"1622","olly",1
"1623","olo",3
"1624","olu",4
"1625","om",1
"1626","oma",3
"1627","omb",1
"1628","ome",9
"1629","omme",1
"1630","omp",8
"1631","ompo",1
"1632","omu",2
"1633","on",1
"1634","ona",5
"1635","onan",10
"1636","ond",5
"1637","onde",1
"1638","one",6
"1639","ones",3
"1640","onf",11
"1641","ong",1
"1642","ongre",1
"1643","oni",10
"1644","onist",1
"1645","onit",2
"1646","onl",5
"1647","ono",1
"1648","onse",4
"1649","onst",1
"1650","ont",12
"1651","onte",3
"1652","onthe",9
"1653","onti",10
"1654","ontin",8
"1655","onto",7
"1656","ontr",5
"1657","oo",8
"1658","ood",3
"1659","oof",2
"1660","ooft",1
"1661","oom",5
"1662","oon",3
"1663","oop",3
"1664","op",3
"1665","ope",4
"1666","oper",1
"1667","opi",2
"1668","opin",1
"1669","opl",9
"1670","ople",9
"1671","opo",4
"1672","oport",3
"1673","opp",1
"1674","opr",3
"1675","opu",4
"1676","or",13
"1677","ora",7
"1678","oran",2
"1679","orce",3
"1680","ord",5
"1681","orde",3
"1682","ordin",1
"1683","ore",2
"1684","orei",4
"1685","ori",14
"1686","orig",1
"1687","orin",5
"1688","orit",4
"1689","orl",1
"1690","orm",3
"1691","orn",1
"1692","oro",4
"1693","ort",11
"1694","orta",5
"1695","orthe",5
"1696","orti",8
"1697","os",1
"1698","osi",4
"1699","osit",4
"1700","ositi",4
"1701","oss",4
"1702","ossi",4
"1703","ost",14
"1704","osti",2
"1705","osto",1
"1706","osu",5
"1707","ot",9
"1708","ota",3
"1709","ote",4
"1710","oth",40
"1711","othe",3
"1712","other",5
"1713","otho",2
"1714","oti",4
"1715","oto",5
"1716","oton",3
"1717","ots",2
"1718","ott",3
"1719","ou",3
"1720","oug",7
"1721","ough",4
"1722","oul",40
"1723","ould",34
"1724","ound",3
"1725","ounde",1
"1726","our",7
"1727","ous",17
"1728","out",3
"1729","ov",11
"1730","ove",8
"1731","over",1
"1732","ovi",2
"1733","ow",1
"1734","owe",2
"1735","oy",4
"1736","p",1
"1737","pa",12
"1738","pap",1
"1739","par",8
"1740","para",5
"1741","part",6
"1742","pas",2
"1743","pass",1
"1744","pat",3
"1745","pati",3
"1746","pe",12
"1747","pea",5
"1748","peac",3
"1749","pear",1
"1750","pec",5
"1751","peci",1
"1752","pect",2
"1753","pecu",2
"1754","pedi",2
"1755","pel",3
"1756","pen",6
"1757","peo",10
"1758","peop",9
"1759","per",18
"1760","pera",3
"1761","peri",5
"1762","pers",2
"1763","pet",5
"1764","ph",3
"1765","phe",1
"1766","pi",3
"1767","pie",1
"1768","pil",1
"1769","pini",1
"1770","pir",3
"1771","pl",3
"1772","pla",2
"1773","ple",1
"1774","ples",3
"1775","pli",7
"1776","plo",1
"1777","po",11
"1778","pol",4
"1779","poli",4
"1780","pon",7
"1781","pop",3
"1782","por",8
"1783","port",1
"1784","pos",13
"1785","pose",5
"1786","pow",12
"1787","powe",12
"1788","power",8
"1789","powers",2
"1790","ppe",3
"1791","ppen",3
"1792","ppi",1
"1793","ppl",1
"1794","pport",1
"1795","ppos",2
"1796","ppre",4
"1797","pr",46
"1798","pra",2
"1799","prac",2
"1800","pract",2
"1801","pre",9
"1802","prec",1
"1803","prep",2
"1804","pres",6
"1805","press",3
"1806","pret",1
"1807","pri",10
"1808","prin",7
"1809","pris",1
"1810","pro",28
"1811","prop",6
"1812","prope",2
"1813","pru",1
"1814","ps",4
"1815","pt",8
"1816","pte",1
"1817","pti",3
"1818","pu",2
"1819","pub",8
"1820","public",1
"1821","pul",3
"1822","pur",1
"1823","purs",1
"1824","puti",1
"1825","q",23
"1826","qu",9
"1827","qua",1
"1828","qual",4
"1829","que",10
"1830","qui",8
"1831","r",2
"1832","rac",4
"1833","ract",2
"1834","rad",2
"1835","rai",3
"1836","ral",4
"1837","rals",4
"1838","ran",3
"1839","rann",1
"1840","rans",2
"1841","rar",4
"1842","ras",1
"1843","rat",11
"1844","rate",9
"1845","rati",7
"1846","ration",2
"1847","raw",4
"1848","ray",1
"1849","rb",2
"1850","rc",8
"1851","rces",1
"1852","rch",4
"1853","rci",2
"1854","rco",8
"1855","rcu",2
"1856","rd",1
"1857","rde",1
"1858","rder",2
"1859","rdi",5
"1860","rdin",1
"1861","rding",1
"1862","re",3
"1863","rea",10
"1864","read",2
"1865","rear",1
"1866","reas",6
"1867","reat",10
"1868","rec",9
"1869","rece",3
"1870","reco",4
"1871","rect",5
"1872","red",12
"1873","redi",4
"1874","ree",7
"1875","ref",6
"1876","refor",3
"1877","reg",5
"1878","reh",3
"1879","rei",2
"1880","reig",2
"1881","reign",2
"1882","rel",4
"1883","reli",2
"1884","rem",6
"1885","rema",3
"1886","reme",2
"1887","remo",1
"1888","ren",2
"1889","rend",3
"1890","rende",3
"1891","rent",3
"1892","reo",5
"1893","rep",14
"1894","repe",2
"1895","repr",2
"1896","repre",2
"1897","requ",2
"1898","rer",4
"1899","rere",3
"1900","res",11
"1901","rese",6
"1902","resen",3
"1903","resi",3
"1904","reso",6
"1905","resp",1
"1906","ress",1
"1907","ressa",1
"1908","resse",1
"1909","rest",3
"1910","resu",2
"1911","ret",11
"1912","rethe",3
"1913","reto",3
"1914","reve",3
"1915","rf",4
"1916","rfe",6
"1917","rg",3
"1918","rga",1
"1919","rge",3
"1920","rgu",1
"1921","rh",4
"1922","rha",3
"1923","rho",1
"1924","ri",2
"1925","rib",4
"1926","ribe",1
"1927","ric",2
"1928","rica",2
"1929","rie",7
"1930","rien",3
"1931","rif",1
"1932","rig",5
"1933","right",5
"1934","ril",1
"1935","rin",7
"1936","rinc",5
"1937","rine",1
"1938","rio",13
"1939","rip",1
"1940","ris",4
"1941","rit",2
"1942","rita",3
"1943","riv",1
"1944","rize",2
"1945","rk",1
"1946","rl",7
"1947","rli",2
"1948","rm",4
"1949","rma",6
"1950","rme",3
"1951","rmer",2
"1952","rmi",16
"1953","rmo",3
"1954","rms",4
"1955","rn",1
"1956","rna",4
"1957","rne",3
"1958","rnm",10
"1959","rno",2
"1960","ro",2
"1961","roa",4
"1962","rob",7
"1963","roc",1
"1964","rod",6
"1965","rof",4
"1966","rofthe",1
"1967","rog",5
"1968","rom",14
"1969","rome",1
"1970","ron",4
"1971","roo",4
"1972","rop",6
"1973","ror",2
"1974","rot",3
"1975","rote",2
"1976","rou",3
"1977","rov",3
"1978","rove",2
"1979","row",3
"1980","rp",12
"1981","rr",20
"1982","rre",4
"1983","rres",1
"1984","rri",7
"1985","rrie",1
"1986","rrit",1
"1987","rro",2
"1988","rru",3
"1989","rs",10
"1990","rsa",2
"1991","rse",8
"1992","rsi",3
"1993","rsof",4
"1994","rst",5
"1995","rsu",6
"1996","rtan",5
"1997","rte",3
"1998","rth",20
"1999","rtha",1
"2000","rthe",3
"2001","rtm",1
"2002","rto",3
"2003","rtof",4
"2004","rtu",1
"2005","ru",2
"2006","ruc",4
"2007","rue",1
"2008","rul",1
"2009","rup",2
"2010","rus",2
"2011","rust",2
"2012","rut",1
"2013","ruth",1
"2014","rv",11
"2015","rva",1
"2016","rve",7
"2017","rvewsy",1
"2018","rw",8
"2019","ry",8
"2020","s",9
"2021","sa",16
"2022","sac",2
"2023","sai",1
"2024","sal",2
"2025","sam",4
"2026","san",23
"2027","sar",6
"2028","sari",1
"2029","sary",3
"2030","sas",4
"2031","sat",7
"2032","sati",2
"2033","sb",13
"2034","sbe",1
"2035","sc",28
"2036","sce",4
"2037","sch",1
"2038","sco",8
"2039","scri",2
"2040","sd",13
"2041","sde",1
"2042","sdi",6
"2043","sdic",1
"2044","sdo",1
"2045","se",2
"2046","seand",2
"2047","sec",3
"2048","secu",2
"2049","sed",9
"2050","see",3
"2051","sef",1
"2052","sel",3
"2053","sele",1
"2054","sem",1
"2055","sen",4
"2056","sent",1
"2057","senta",2
"2058","seo",10
"2059","seof",9
"2060","sep",3
"2061","separ",3
"2062","sequ",6
"2063","ser",12
"2064","ses",5
"2065","set",4
"2066","sethe",3
"2067","sever",2
"2068","sf",8
"2069","sfa",2
"2070","sfi",1
"2071","sfr",4
"2072","sh",8
"2073","sha",8
"2074","she",8
"2075","shed",3
"2076","shi",1
"2077","shm",7
"2078","sho",10
"2079","shor",2
"2080","shou",6
"2081","si",1
"2082","sib",5
"2083","sid",7
"2084","sil",1
"2085","sim",7
"2086","simi",4
"2087","sin",14
"2088","sinc",2
"2089","sing",1
"2090","sio",12
"2091","sion",12
"2092","sis",9
"2093","sist",4
"2094","sit",8
"2095","siti",4
"2096","situ",9
"2097","sk",4
"2098","sl",2
"2099","sla",9
"2100","slat",5
"2101","slati",3
"2102","sm",10
"2103","sma",6
"2104","smi",1
"2105","sn",13
"2106","sne",4
"2107","sno",8
"2108","snot",6
"2109","so",12
"2110","sob",1
"2111","soc",3
"2112","sof",35
"2113","softhe",12
"2114","sol",10
"2115","sole",1
"2116","som",3
"2117","some",3
"2118","son",5
"2119","sons",1
"2120","sor",13
"2121","sou",2
"2122","sour",2
"2123","sover",1
"2124","sp",12
"2125","spart",1
"2126","spe",5
"2127","spi",4
"2128","spo",6
"2129","spre",1
"2130","sr",4
"2131","sre",4
"2132","ss",10
"2133","ssa",1
"2134","ssar",3
"2135","sses",1
"2136","ssh",3
"2137","ssi",4
"2138","ssit",8
"2139","sso",8
"2140","ssof",5
"2141","sst",5
"2142","ssu",3
"2143","st",4
"2144","sta",19
"2145","stan",18
"2146","stand",7
"2147","stat",24
"2148","state",12
"2149","ste",2
"2150","ster",1
"2151","sth",40
"2152","stha",11
"2153","sthe",31
"2154","sther",2
"2155","sthere",2
"2156","sti",1
"2157","stic",3
"2158","stin",4
"2159","sting",1
"2160","stion",1
"2161","stit",8
"2162","stitut",8
"2163","sto",8
"2164","stoo",1
"2165","str",15
"2166","stra",4
"2167","stre",8
"2168","stri",2
"2169","stro",1
"2170","stt",7
"2171","stthe",6
"2172","su",10
"2173","sub",9
"2174","suc",9
"2175","sul",4
"2176","sum",1
"2177","sup",12
"2178","sur",2
"2179","sw",29
"2180","swe",4
"2181","swer",1
"2182","swhich",8
"2183","sy",6
"2184","sys",2
"2185","syst",2
"2186","t",1
"2187","ta",2
"2188","tabl",11
"2189","tac",2
"2190","tag",5
"2191","tage",3
"2192","tai",8
"2193","tain",7
"2194","tal",7
"2195","tan",3
"2196","tanc",10
"2197","tand",6
"2198","tant",6
"2199","tapp",2
"2200","tar",17
"2201","tary",13
"2202","tas",6
"2203","tat",7
"2204","tate",6
"2205","tati",4
"2206","tative",1
"2207","tb",7
"2208","tbe",4
"2209","tc",9
"2210","tcan",1
"2211","td",12
"2212","tde",8
"2213","tdi",2
"2214","te",1
"2215","tea",1
"2216","ted",9
"2217","tede",2
"2218","tedi",3
"2219","teg",1
"2220","tei",4
"2221","tel",2
"2222","tem",5
"2223","ten",15
"2224","tene",1
"2225","tens",3
"2226","tent",6
"2227","tenti",2
"2228","ter",2
"2229","tera",1
"2230","tere",2
"2231","teres",1
"2232","teri",4
"2233","tern",4
"2234","tes",17
"2235","tesa",1
"2236","tesi",2
"2237","teso",10
"2238","test",1
"2239","tet",5
"2240","tethe",3
"2241","tex",1
"2242","tf",7
"2243","th",19
"2244","tha",18
"2245","than",4
"2246","that",26
"2247","the",15
"2248","thed",9
"2249","then",9
"2250","thep",22
"2251","ther",7
"2252","there",8
"2253","thes",22
"2254","thi",19
"2255","thin",2
"2256","this",17
"2257","tho",5
"2258","thou",3
"2259","tht",11
"2260","ththe",7
"2261","ti",4
"2262","tia",1
"2263","tic",1
"2264","tica",4
"2265","tice",2
"2266","tie",8
"2267","tif",8
"2268","till",1
"2269","tim",12
"2270","tin",8
"2271","tinc",3
"2272","ting",3
"2273","tio",91
"2274","tion",22
"2275","tiona",9
"2276","tir",1
"2277","tis",5
"2278","tise",1
"2279","tist",1
"2280","tit",2
"2281","titu",9
"2282","tiv",12
"2283","tive",1
"2284","tived",1
"2285","tize",3
"2286","tl",9
"2287","tle",9
"2288","tli",2
"2289","tm",8
"2290","tma",5
"2291","tme",2
"2292","tment",1
"2293","tn",2
"2294","tne",1
"2295","tno",1
"2296","to",8
"2297","tob",11
"2298","toc",3
"2299","tod",2
"2300","tof",13
"2301","tog",4
"2302","toi",6
"2303","toin",3
"2304","tom",8
"2305","toma",4
"2306","ton",2
"2307","too",6
"2308","top",5
"2309","tor",15
"2310","tore",7
"2311","tos",6
"2312","tot",28
"2313","tothe",18
"2314","tother",1
"2315","tou",1
"2316","tow",6
"2317","tp",10
"2318","tr",19
"2319","tra",4
"2320","tran",2
"2321","tre",4
"2322","trea",1
"2323","treat",1
"2324","tren",6
"2325","tri",5
"2326","tro",4
"2327","tru",7
"2328","try",8
"2329","ts",11
"2330","tsa",5
"2331","tse",1
"2332","tsh",2
"2333","tsi",6
"2334","tso",9
"2335","tst",11
"2336","tsu",1
"2337","tt",11
"2338","tta",3
"2339","tter",1
"2340","tth",18
"2341","tthe",17
"2342","ttl",5
"2343","tto",13
"2344","tu",7
"2345","tua",13
"2346","tual",4
"2347","tun",2
"2348","tur",14
"2349","tura",5
"2350","ture",8
"2351","tus",1
"2352","tuti",7
"2353","tw",11
"2354","twe",1
"2355","twer",1
"2356","two",6
"2357","ty",41
"2358","tya",4
"2359","tyin",1
"2360","tyo",10
"2361","tythe",4
"2362","u",2
"2363","ua",8
"2364","ual",5
"2365","uall",7
"2366","uar",2
"2367","uart",1
"2368","uat",9
"2369","uate",2
"2370","ubl",8
"2371","ubli",8
"2372","ubs",1
"2373","ucc",2
"2374","uce",3
"2375","uch",7
"2376","ucha",2
"2377","uci",1
"2378","uct",8
"2379","ud",5
"2380","ude",4
"2381","udi",1
"2382","udic",1
"2383","ue",2
"2384","uen",7
"2385","uent",3
"2386","ues",3
"2387","uest",3
"2388","uesti",1
"2389","uf",2
"2390","uff",2
"2391","uffic",2
"2392","ught",4
"2393","ui",1
"2394","uie",1
"2395","uir",2
"2396","uire",2
"2397","uis",2
"2398","uisi",2
"2399","ul",1
"2400","ula",8
"2401","ular",5
"2402","ulat",3
"2403","ulati",2
"2404","uld",1
"2405","ule",1
"2406","uli",1
"2407","ull",2
"2408","ult",9
"2409","um",1
"2410","uma",1
"2411","uman",1
"2412","umb",1
"2413","umber",1
"2414","ume",1
"2415","umer",4
"2416","ums",2
"2417","un",12
"2418","una",2
"2419","unc",1
"2420","unce",1
"2421","und",7
"2422","unda",1
"2423","unde",8
"2424","uni",3
"2425","unit",4
"2426","unt",10
"2427","untr",8
"2428","uo",1
"2429","uou",1
"2430","up",6
"2431","upe",6
"2432","upo",5
"2433","upp",5
"2434","uppo",3
"2435","ur",2
"2436","ura",1
"2437","ural",5
"2438","urate",1
"2439","urc",2
"2440","urce",2
"2441","ure",3
"2442","urea",2
"2443","uri",3
"2444","urin",1
"2445","uris",1
"2446","urn",1
"2447","uro",6
"2448","urope",6
"2449","urre",3
"2450","urs",5
"2451","urse",5
"2452","urt",1
"2453","us",9
"2454","use",6
"2455","usi",3
"2456","usl",1
"2457","ust",6
"2458","usta",2
"2459","usti",3
"2460","usto",4
"2461","usu",2
"2462","usur",1
"2463","ut",4
"2464","uta",3
"2465","ute",4
"2466","utho",2
"2467","uti",4
"2468","ution",11
"2469","utit",4
"2470","uto",4
"2471","utthe",2
"2472","utu",1
"2473","v",12
"2474","va",2
"2475","vai",1
"2476","val",2
"2477","van",3
"2478","vant",3
"2479","var",1
"2480","vari",1
"2481","vat",1
"2482","ve",4
"2483","vea",7
"2484","veand",1
"2485","veb",9
"2486","vebe",9
"2487","vec",1
"2488","ved",5
"2489","vede",3
"2490","vee",1
"2491","vei",2
"2492","vel",2
"2493","vem",4
"2494","vema",1
"2495","ven",4
"2496","vent",2
"2497","venti",2
"2498","vento",1
"2499","venu",1
"2500","veof",5
"2501","vep",2
"2502","ver",3
"2503","vera",3
"2504","veral",2
"2505","vere",2
"2506","vern",10
"2507","vers",2
"2508","vert",4
"2509","ves",7
"2510","vest",1
"2511","vi",13
"2512","vic",6
"2513","vice",2
"2514","vid",1
"2515","vide",3
"2516","vie",3
"2517","vil",5
"2518","vin",1
"2519","vio",2
"2520","vis",1
"2521","vo",4
"2522","voi",1
"2523","vol",2
"2524","vor",3
"2525","vot",1
"2526","w",32
"2527","wa",27
"2528","wan",2
"2529","war",15
"2530","ward",2
"2531","was",3
"2532","way",5
"2533","wc",1
"2534","we",11
"2535","wea",4
"2536","wear",2
"2537","wee",4
"2538","ween",4
"2539","wei",1
"2540","weig",1
"2541","wel",1
"2542","wem",1
"2543","wema",1
"2544","wer",2
"2545","were",6
"2546","werf",4
"2547","weri",1
"2548","wero",2
"2549","wers",1
"2550","wert",1
"2551","wever",2
"2552","wh",35
"2553","wha",1
"2554","what",1
"2555","whe",2
"2556","wher",1
"2557","where",1
"2558","whi",34
"2559","which",25
"2560","wi",32
"2561","wil",13
"2562","wis",1
"2563","wit",22
"2564","with",17
"2565","withe",1
"2566","wlbvwc",3
"2567","wn",9
"2568","wo",25
"2569","wor",2
"2570","word",1
"2571","wou",32
"2572","ws",1
"2573","wt",2
"2574","xa",2
"2575","xc",2
"2576","xce",1
"2577","xe",3
"2578","xec",2
"2579","xecu",2
"2580","xer",1
"2581","xhi",2
"2582","xig",1
"2583","xis",3
"2584","xist",3
"2585","xlbvwc",3
"2586","xp",5
"2587","xpe",3
"2588","xpo",1
"2589","xt",5
"2590","xte",3
"2591","xten",2
"2592","xter",1
"2593","y",4
"2594","ya",9
"2595","yal",2
"2596","yan",11
"2597","yand",6
"2598","yar",4
"2599","yas",1
"2600","yat",2
"2601","yb",7
"2602","ybe",8
"2603","yc",1
"2604","yd",8
"2605","yde",3
"2606","ydi",3
"2607","ye",10
"2608","yen",2
"2609","yes",6
"2610","yesta",6
"2611","yf",7
"2612","yh",5
"2613","yha",5
"2614","yi",13
"2615","yin",4
"2616","ying",1
"2617","yit",3
"2618","ym",3
"2619","yma",2
"2620","yn",3
"2621","yne",1
"2622","yno",1
"2623","yo",12
"2624","yof",17
"2625","yofthe",5
"2626","yon",1
"2627","yover",2
"2628","yp",12
"2629","yr",8
"2630","yra",3
"2631","yran",1
"2632","yre",4
"2633","ys",14
"2634","yse",2
"2635","ysi",2
"2636","yso",3
"2637","yst",2
"2638","ystate",1
"2639","yste",3
"2640","yt",22
"2641","yth",13
"2642","ythe",16
"2643","yther",1
"2644","yto",14
"2645","yu",3
"2646","yun",2
"2647","yw",13
"2648","ywer",3
"2649","z",7
"2650","zed",1
"2651","zen",3
"2652","zens",2
"2653","zwqwtm",1
